{
    "0": {
        "pi": [
            0.024891407906546127,
            0.7097332890631328,
            0.0003122052397664285,
            2.2326766305748003e-06,
            0.265060865113924
        ],
        "A": [
            [
                8.70151440568572e-09,
                0.9579919001722867,
                0.00046790902601249914,
                0.006137498571616046,
                0.03540268352857024
            ],
            [
                0.44965865353118994,
                0.011159315011381492,
                0.10346782337584244,
                0.0016643822739369556,
                0.4340498258076492
            ],
            [
                5.334694135346418e-07,
                0.9301044648673886,
                0.001201067723495298,
                0.06868153742981917,
                1.2396509883403199e-05
            ],
            [
                2.083105398384364e-08,
                0.0005026864004640143,
                0.0012746910014327251,
                0.02115582403587048,
                0.9770667777311788
            ],
            [
                0.9342377521934264,
                0.05891799613076955,
                4.184442942659335e-06,
                1.4591772636811762e-07,
                0.006839921315135007
            ]
        ],
        "B": [
            [
                1.0
            ],
            [
                1.0
            ],
            [
                1.0
            ],
            [
                1.0
            ],
            [
                1.0
            ]
        ]
    },
    "1": {
        "pi": [
            0.024891407906546124,
            0.7097332890631329,
            0.0003122052397664285,
            2.2326766305748007e-06,
            0.265060865113924
        ],
        "A": [
            [
                8.701514405685702e-09,
                0.9579919001722869,
                0.00046790902601250066,
                0.006137498571616048,
                0.035402683528570185
            ],
            [
                0.44965865353119006,
                0.011159315011381496,
                0.10346782337584244,
                0.001664382273936952,
                0.43404982580764895
            ],
            [
                5.334694135346418e-07,
                0.9301044648673885,
                0.0012010677234953028,
                0.06868153742981921,
                1.2396509883403163e-05
            ],
            [
                2.08310539838438e-08,
                0.0005026864004640128,
                0.0012746910014327236,
                0.021155824035870456,
                0.9770667777311789
            ],
            [
                0.9342377521934261,
                0.058917996130769604,
                4.184442942659338e-06,
                1.4591772636811833e-07,
                0.006839921315135005
            ]
        ],
        "B": [
            [
                1.0
            ],
            [
                1.0
            ],
            [
                1.0
            ],
            [
                1.0
            ],
            [
                1.0
            ]
        ]
    },
    "2": {
        "pi": [
            0.02489140790654613,
            0.7097332890631329,
            0.0003122052397664286,
            2.2326766305748007e-06,
            0.265060865113924
        ],
        "A": [
            [
                8.701514405685705e-09,
                0.9579919001722869,
                0.0004679090260125002,
                0.006137498571616047,
                0.0354026835285702
            ],
            [
                0.44965865353118983,
                0.011159315011381503,
                0.10346782337584248,
                0.0016643822739369546,
                0.4340498258076493
            ],
            [
                5.334694135346408e-07,
                0.9301044648673886,
                0.001201067723495301,
                0.06868153742981918,
                1.2396509883403148e-05
            ],
            [
                2.0831053983843754e-08,
                0.0005026864004640129,
                0.0012746910014327228,
                0.02115582403587046,
                0.9770667777311789
            ],
            [
                0.9342377521934264,
                0.0589179961307696,
                4.184442942659343e-06,
                1.4591772636811812e-07,
                0.006839921315135007
            ]
        ],
        "B": [
            [
                1.0
            ],
            [
                1.0
            ],
            [
                1.0
            ],
            [
                1.0
            ],
            [
                1.0
            ]
        ]
    },
    "3": {
        "pi": [
            0.024891407906546124,
            0.7097332890631329,
            0.0003122052397664285,
            2.2326766305748007e-06,
            0.265060865113924
        ],
        "A": [
            [
                8.701514405685699e-09,
                0.9579919001722867,
                0.00046790902601250044,
                0.006137498571616045,
                0.03540268352857025
            ],
            [
                0.4496586535311902,
                0.011159315011381501,
                0.10346782337584243,
                0.0016643822739369563,
                0.434049825807649
            ],
            [
                5.334694135346418e-07,
                0.9301044648673884,
                0.0012010677234953028,
                0.06868153742981929,
                1.2396509883403155e-05
            ],
            [
                2.08310539838438e-08,
                0.0005026864004640122,
                0.0012746910014327223,
                0.02115582403587043,
                0.9770667777311789
            ],
            [
                0.9342377521934263,
                0.05891799613076953,
                4.184442942659342e-06,
                1.4591772636811828e-07,
                0.006839921315135006
            ]
        ],
        "B": [
            [
                1.0
            ],
            [
                1.0
            ],
            [
                1.0
            ],
            [
                1.0
            ],
            [
                1.0
            ]
        ]
    },
    "4": {
        "pi": [
            0.024891407906546127,
            0.7097332890631328,
            0.00031220523976642847,
            2.2326766305748003e-06,
            0.265060865113924
        ],
        "A": [
            [
                8.701514405685675e-09,
                0.9579919001722871,
                0.0004679090260124998,
                0.006137498571616043,
                0.03540268352857017
            ],
            [
                0.44965865353118994,
                0.011159315011381506,
                0.10346782337584241,
                0.0016643822739369546,
                0.4340498258076493
            ],
            [
                5.334694135346413e-07,
                0.9301044648673885,
                0.001201067723495303,
                0.06868153742981926,
                1.2396509883403157e-05
            ],
            [
                2.0831053983843777e-08,
                0.0005026864004640122,
                0.0012746910014327234,
                0.02115582403587048,
                0.9770667777311788
            ],
            [
                0.9342377521934265,
                0.05891799613076947,
                4.184442942659339e-06,
                1.4591772636811799e-07,
                0.0068399213151350054
            ]
        ],
        "B": [
            [
                1.0
            ],
            [
                1.0
            ],
            [
                1.0
            ],
            [
                1.0
            ],
            [
                1.0
            ]
        ]
    },